id;spe_first_name;spe_last_name;spe_email_id;spe_phone_number;spe_org_id;spe_org_verified;created_date;modified_date
1;green Concrete;parse Officer lavender;synthesizing Multi-layered Integration;34865;61143;false;2021-10-11T20:56:29;2021-10-12T05:27:55
2;Product microchip;User-centric BEAC;France override;42641;93734;true;2021-10-12T10:31:27;2021-10-12T11:53:18
3;Bedfordshire Bacon;portals;Regional Account;66380;59456;true;2021-10-12T07:23:40;2021-10-12T07:50:24
4;transmitting Kids;Kids International;alarm portals;26908;28083;true;2021-10-11T21:33:56;2021-10-12T05:05:08
5;Decentralized Borders;Avon Concrete reboot;state generate indexing;53755;71127;true;2021-10-11T23:53:21;2021-10-12T12:33:21
6;complexity;Account Fresh;Savings;67881;11917;false;2021-10-12T05:52:24;2021-10-11T17:08:03
7;Avon Won;HTTP;connect Designer Account;86144;88783;false;2021-10-12T03:09:20;2021-10-12T15:29:47
8;Cotton California;Sri Rupiah;Chair;37860;84696;true;2021-10-12T11:37:07;2021-10-11T21:46:15
9;Berkshire Dynamic secondary;Plastic Car;neural;48834;87266;true;2021-10-12T10:14:52;2021-10-12T05:11:14
10;Identity Soft;Bedfordshire;Bahamas Cambridgeshire;62536;91150;false;2021-10-11T19:46:52;2021-10-12T01:19:19
