id;org_name;org_email_id;org_phone_num;created_date;modified_date;org_proj_num;org_members_num
1;Bike green;Balanced;15585;2021-11-16T02:07:54;2021-11-16T10:43:53;54979;11983
2;Health e-enable;Niue Refined;89462;2021-11-15T23:48:30;2021-11-16T07:01:37;33497;41660
3;responsive Avon Security;mint portals visualize;1358;2021-11-15T23:22:28;2021-11-16T00:23:37;71717;99390
4;Engineer blockchains;strategic Pants Tonga;83808;2021-11-15T18:25:53;2021-11-16T14:44:30;19304;88426
5;Factors;GB Manager FTP;31380;2021-11-15T15:51:25;2021-11-15T19:32:01;35755;40995
6;Shoes;hack Towels;39596;2021-11-16T01:26:35;2021-11-16T05:53:22;73451;83409
7;compressing Refined Usability;Computer channels Senior;93229;2021-11-15T17:54:33;2021-11-16T09:30:00;20794;42507
8;killer;Pizza Toys;29302;2021-11-16T01:12:12;2021-11-16T04:39:37;81780;28781
9;Diverse Handmade;Creative Implementation;81762;2021-11-16T13:56:23;2021-11-16T04:26:57;75168;93539
10;Developer;Pines Upgradable expedite;27741;2021-11-16T05:13:07;2021-11-15T16:10:49;77341;21371
