id;spe_first_name;spe_last_name;spe_email_id;spe_phone_number;spe_org_verified;created_date;modified_date
1;green Concrete;parse Officer lavender;synthesizing Multi-layered Integration;34865;true;2021-11-16T07:05:17;2021-11-15T20:23:00
2;functionalities feed;enhance Fresh France;lavender Factors Towels;19761;false;2021-11-16T14:17:56;2021-11-16T14:45:52
3;solid;virtual Regional;Forward Loan;35315;true;2021-11-15T19:52:55;2021-11-15T19:41:22
4;Kids Bridge;International;alarm portals;26908;false;2021-11-15T18:27:43;2021-11-15T21:00:27
5;Money supply-chains;online;Concrete;74388;true;2021-11-15T18:51:52;2021-11-15T19:49:15
6;Human Lebanon Berkshire;synthesize firmware withdrawal;Avon Music;13514;false;2021-11-15T23:27:58;2021-11-16T12:53:51
7;methodologies;Gorgeous channels;Fresh Wall Borders;96254;true;2021-11-15T18:27:00;2021-11-16T05:33:47
8;Garden Landing;California Malta;Rupiah;28480;false;2021-11-16T08:24:39;2021-11-15T18:31:16
9;interface;ivory Berkshire Dynamic;cross-platform;14631;false;2021-11-16T04:45:08;2021-11-16T11:38:05
10;Real;XML Future West;Soft;10831;false;2021-11-16T11:35:27;2021-11-16T07:43:47
